{
  "lib/flutter_better_auth.dart": 1778393808.6821651,
  "lib/core/flutter_better_auth.dart": 1778393808.680167,
  "lib/core/utils/logger.dart": 1748613054.534528,
  "lib/core/models/organization/organization.freezed.dart": 1778393808.6805923,
  "lib/core/models/organization/organization.g.dart": 1778393808.6810505,
  "lib/core/models/organization/organization.dart": 1778393808.680386,
  "lib/core/models/two_factor/two_factor.g.dart": 1778393808.6816413,
  "lib/core/models/two_factor/two_factor.dart": 1778393808.6812665,
  "lib/core/models/two_factor/two_factor.freezed.dart": 1778393808.6814997,
  "lib/core/models/user/user.dart": 1747813278.7667482,
  "lib/core/models/user/user.freezed.dart": 1777905036.804273,
  "lib/core/models/user/user.g.dart": 1778393207.4904532,
  "lib/core/models/verification/verification.freezed.dart": 1777905036.8045914,
  "lib/core/models/verification/verification.g.dart": 1778393207.4905703,
  "lib/core/models/verification/verification.dart": 1747807769.6512036,
  "lib/core/models/account/account.dart": 1748613054.477979,
  "lib/core/models/account/account.g.dart": 1778393207.4898925,
  "lib/core/models/account/account.freezed.dart": 1777905036.8031988,
  "lib/core/models/session/session.freezed.dart": 1778393637.2378042,
  "lib/core/models/session/session.g.dart": 1778393207.4903312,
  "lib/core/models/session/session.dart": 1778393207.4900239,
  "lib/core/storage/storage.dart": 1747807769.6516573,
  "lib/core/storage/memory_storage.dart": 1748613054.5295718,
  "lib/core/storage/hive_storage.dart": 1778393808.6818626,
  "lib/core/storage/custom_persist_cookie_jar.dart": 1752859896.3016996,
  "lib/core/api/better_auth_client.dart": 1778393808.6778462,
  "lib/core/api/better_auth_client.g.dart": 1778394551.5045385,
  "lib/core/api/interceptor.dart": 1778393207.4890785,
  "lib/core/api/adapter.dart": 1752858325.064197,
  "lib/core/api/default/sign_in/sign_in_extension.dart": 1778393808.6784086,
  "lib/core/api/default/sign_in/sign_in_better_auth.g.dart": 1778394551.505474,
  "lib/core/api/default/sign_in/sign_in_better_auth.dart": 1778393207.4879973,
  "lib/core/api/default/sign_in/models/social/sign_in_social_response.g.dart": 1767982988.6671758,
  "lib/core/api/default/sign_in/models/social/sign_in_social_response.freezed.dart": 1777905036.7985706,
  "lib/core/api/default/sign_in/models/social/sign_in_social_response.dart": 1752851620.9392173,
  "lib/core/api/default/sign_in/models/email/sign_in_email_response.freezed.dart": 1778393637.237021,
  "lib/core/api/default/sign_in/models/email/sign_in_email_response.g.dart": 1778393207.4878554,
  "lib/core/api/default/sign_in/models/email/sign_in_email_response.dart": 1778393207.4874785,
  "lib/core/api/default/social/social_better_auth.g.dart": 1778394551.5061195,
  "lib/core/api/default/social/social_extension.dart": 1751465001.0948231,
  "lib/core/api/default/social/social_better_auth.dart": 1751464799.1830595,
  "lib/core/api/default/social/models/list_account/social_account_response.g.dart": 1778393207.4884622,
  "lib/core/api/default/social/models/list_account/social_account_response.freezed.dart": 1777905423.6120024,
  "lib/core/api/default/social/models/list_account/social_account_response.dart": 1751464780.351566,
  "lib/core/api/default/social/models/link/social_link_response.g.dart": 1767982988.668045,
  "lib/core/api/default/social/models/link/social_link_response.dart": 1748613054.2851439,
  "lib/core/api/default/social/models/link/social_link_response.freezed.dart": 1777905036.8001034,
  "lib/core/api/default/sign_up/sign_up_better_auth.dart": 1751462959.0045042,
  "lib/core/api/default/sign_up/sign_up_better_auth.g.dart": 1778394551.5065916,
  "lib/core/api/default/sign_up/sign_up_extension.dart": 1748613054.259834,
  "lib/core/api/default/sign_up/models/sign_up_response/sign_up_response.g.dart": 1767982988.667799,
  "lib/core/api/default/sign_up/models/sign_up_response/sign_up_response.dart": 1749200952.3808336,
  "lib/core/api/default/sign_up/models/sign_up_response/sign_up_response.freezed.dart": 1777905036.7996178,
  "lib/core/api/models/result/better_error.g.dart": 1767982988.669402,
  "lib/core/api/models/result/better_error.dart": 1748613464.5938532,
  "lib/core/api/models/result/success_response.g.dart": 1767982988.6696022,
  "lib/core/api/models/result/success_response.dart": 1751100153.425614,
  "lib/core/api/models/result/better_error.freezed.dart": 1777905036.8019755,
  "lib/core/api/models/result/success_response.freezed.dart": 1777905036.8026438,
  "lib/core/api/models/result/status_response.g.dart": 1767982988.6695035,
  "lib/core/api/models/result/result.freezed.dart": 1777905036.802136,
  "lib/core/api/models/result/status_response.dart": 1748613054.4331224,
  "lib/core/api/models/result/result_extension.dart": 1751465733.8813474,
  "lib/core/api/models/result/status_response.freezed.dart": 1777905036.8024433,
  "lib/core/api/models/result/result.dart": 1751465441.1195374,
  "lib/core/api/models/common/change_email/change_email_response.g.dart": 1778394551.5072324,
  "lib/core/api/models/common/change_email/change_email_response.freezed.dart": 1778393808.6790395,
  "lib/core/api/models/common/change_email/change_email_response.dart": 1778393808.6786687,
  "lib/core/api/models/common/user_wrapper/user_wrapper_response.dart": 1778393808.6795058,
  "lib/core/api/models/common/user_wrapper/user_wrapper_response.freezed.dart": 1778393808.6797597,
  "lib/core/api/models/common/user_wrapper/user_wrapper_response.g.dart": 1778393808.6799257,
  "lib/core/api/models/common/sign_out/sign_out_response.freezed.dart": 1777905036.8014796,
  "lib/core/api/models/common/sign_out/sign_out_response.g.dart": 1767982988.6689615,
  "lib/core/api/models/common/sign_out/sign_out_response.dart": 1748613054.404967,
  "lib/core/api/models/common/verify_email/verify_email_response.dart": 1751100153.4247537,
  "lib/core/api/models/common/verify_email/verify_email_response.freezed.dart": 1777905036.8016477,
  "lib/core/api/models/common/verify_email/verify_email_response.g.dart": 1778393207.489262,
  "lib/core/api/models/session/session_response.freezed.dart": 1777905036.802862,
  "lib/core/api/models/session/session_response.dart": 1748613054.441877,
  "lib/core/api/models/session/session_response.g.dart": 1767982988.6697407,
  "lib/plugins/organization/organization_retrofit.g.dart": 1778394642.5674362,
  "lib/plugins/organization/organization_better_auth.dart": 1778394715.0383177,
  "lib/plugins/organization/organization_retrofit.dart": 1778394715.0389879,
  "lib/plugins/organization/organization_plugin.dart": 1778393207.502186,
  "lib/plugins/organization/organization_extension.dart": 1778393637.2411652,
  "lib/plugins/organization/models/organization_role_record.dart": 1778393207.499693,
  "lib/plugins/organization/models/organization_create_role_response.dart": 1778393207.4969068,
  "lib/plugins/organization/models/organization_plain_message.dart": 1778393207.499417,
  "lib/plugins/organization/models/wrapped_organization_member_response.freezed.dart": 1778393207.5015335,
  "lib/plugins/organization/models/organization_plain_message.g.dart": 1778393207.4996135,
  "lib/plugins/organization/models/organization_member.freezed.dart": 1778393207.4978163,
  "lib/plugins/organization/models/invitation_with_member_response.dart": 1778393207.4965913,